Fragments name,Sequence,Probability value
>sp|Q14249|K66,LPPVPGGPRGPGELAKYGLPGLAQLKSRESY,0.56711315329
>sp|Q14249|K210,VCTGPLFLPRTEADGKSYVKYQVIGKNHVAV,0.59974333714
>sp|Q14249|K214,PLFLPRTEADGKSYVKYQVIGKNHVAVPTHF,0.64554065393
>sp|Q14249|K220,TEADGKSYVKYQVIGKNHVAVPTHFFKVLIL,0.77555605957
>sp|Q14249|K231,QVIGKNHVAVPTHFFKVLILEAAGGQIELRT,0.99999973666
>sp|Q14249|K290,GLLFVPNILARAGSLKAITAGSKOOOOOOOO,0.75220799820
>sp|Q14249|K297,ILARAGSLKAITAGSKOOOOOOOOOOOOOOO,0.55634686061
>sp|I0J062|K36,PLGAVLSILLAGGSRKGTPTARCLGQRTKEK,0.88240537719
>sp|P25208|K49,DTEDSMNDHEDTNGSKESFREQDIYLPIANV,0.56183933287
>sp|P25208|K69,EQDIYLPIANVARIMKNAIPQTGKIAKDAKE,0.75893393911
>sp|P25208|K83,MKNAIPQTGKIAKDAKECVQECVSEFISFIT,0.80933263587
>sp|P25208|K140,LGFDSYVEPLKLYLQKFREAMKGEKGIGGAV,0.74220605429
